name,category_name,product_type
MIX B GRADE,Mix B Grade,finished_good
20/1 ACRYLIC MIX.,Acrylic Yarn,finished_good
20/1 MIX. ACRYLIC SIRO,Acrylic Yarn,finished_good
40/2 ACRYLIC MIX.,Acrylic Yarn,finished_good
40/2 ACRYLIC,Acrylic Yarn,finished_good
40/1 ACRYLIC MIX. DYED BLACK LOT-4,Acrylic Yarn,finished_good
40/2 ACRYLIC MIX (DYED BLACK),Acrylic Yarn,finished_good
20/1 CPA-01,Acrylic Yarn,finished_good
7.5/1 CTN CDD,Cotton Yarn / CMB / Wool,finished_good
16/1 CM RING 70 D LYCRA 3.6 DRAFT POLY BCI,Cotton / Linen / Tencel Yarn / Trilobal,finished_good
16/1 CDD TOWEL,Cotton / Linen / Tencel Yarn / Trilobal,finished_good
16/1 CLT,Cotton / Linen / Tencel Yarn / Trilobal,finished_good
16/1 LINEN/COTTON,Cotton / Linen / Tencel Yarn / Trilobal,finished_good
16/1 LINEN/COTTON LOT-2,Cotton / Linen / Tencel Yarn / Trilobal,finished_good
18/1 LINEN/COTTON,Cotton / Linen / Tencel Yarn / Trilobal,finished_good
20/1 AVT,Cotton / Linen / Tencel Yarn / Trilobal,finished_good
20/1 CLT-03,Cotton / Linen / Tencel Yarn / Trilobal,finished_good
20/1 CLT-03 LOT-3,Cotton / Linen / Tencel Yarn / Trilobal,finished_good
24/1 CLT-04,Cotton / Linen / Tencel Yarn / Trilobal,finished_good
30/1 CLT-04,Cotton / Linen / Tencel Yarn / Trilobal,finished_good
30/1 CN-53 HOS(MULTI NEPS),Mix Material Yarn,finished_good
30/1 CN-53,Mix Material Yarn,finished_good
26/1 CFC-66,Mix Material Yarn,finished_good
26/1 CFC-73,Mix Material Yarn,finished_good
30/1 CFC-73,Mix Material Yarn,finished_good
30/1 CFC-90,Mix Material Yarn,finished_good
36/1 CFC-104 LOT-2,Mix Material Yarn,finished_good
30/1 CFC-86 WVG,Mix Material Yarn,finished_good
30/1 CN-44 MVS ( WHITE NEPS),Mix Material Yarn,finished_good
30/1 CFC-01 LOT-5,Mix Material Yarn,finished_good
30/1 CFC-01 LOT-4,Mix Material Yarn,finished_good
30/1 CFC-01 LOT-6 MVS,Mix Material Yarn,finished_good
37/1 CFC-67 MVS,Mix Material Yarn,finished_good
37/1 CFC-67 MVS LOT-2,Mix Material Yarn,finished_good
40/1 T-06 (TWEERA) MVS,Mix Material Yarn,finished_good
40/1 TWEERA LOT-3 # 25 MVS,Mix Material Yarn,finished_good
40/1 TWEERA LOT-4 # 25 MVS,Mix Material Yarn,finished_good
40/1 TWEERA LOT-5 # 25 MVS,Mix Material Yarn,finished_good
40/1 TWEERA T# 26 MVS,Mix Material Yarn,finished_good
40/1 TWEERA # 12 MVS,Mix Material Yarn,finished_good
40/1 TWEERA # 12 LOT-3 MVS,Mix Material Yarn,finished_good
40/1 TWEERA T-13,Mix Material Yarn,finished_good
40/1 TWEER T-09,Mix Material Yarn,finished_good
40/1 TWEERA T#10,Mix Material Yarn,finished_good
40/1 TWEERA T-08 MVS,Mix Material Yarn,finished_good
40/1 TWEERA T-12 MVS,Mix Material Yarn,finished_good
40/2 TWEERA # 12 TFO,Mix Material Yarn,finished_good
40/2 TWEERA # 12 LOT-2,Mix Material Yarn,finished_good
40/2 TWEERA # 12,Mix Material Yarn,finished_good
40/2 TWEERA # 13 AUTO,Mix Material Yarn,finished_good
40/2 TWEERA # 13,Mix Material Yarn,finished_good
20/1 CFC-147 AUTO,Mix Material Yarn,finished_good
20/1 CFC-147 AUTOAIRO,Mix Material Yarn,finished_good
40/2 TWEERA # 25 LOT-3,Mix Material Yarn,finished_good
40/2 TWEERA # 26 TFO,Mix Material Yarn,finished_good
40/1 TWEERA # 26,Mix Material Yarn,finished_good
40/2 TWEERA # 08 AUTO,Mix Material Yarn,finished_good
40/2 TWEERA # 09 AUTO,Mix Material Yarn,finished_good
40/2 TWEERA T#9,Mix Material Yarn,finished_good
40/2 TWEERA # 10 TFO,Mix Material Yarn,finished_good
40/1 TWEERA # 10 MVS,Mix Material Yarn,finished_good
40/2 TWEERA # 25 TFO,Mix Material Yarn,finished_good
40/2 TWEERA T#25 LOT-3 AUTO,Mix Material Yarn,finished_good
40/2 TWEERA # 25 LOT-4 AUTO,Mix Material Yarn,finished_good
40/2 TWEERA # 25 LOT-5 AUTO,Mix Material Yarn,finished_good
40/2 TWEERA # 25 LOT-5,Mix Material Yarn,finished_good
10/1 CVC 80/20,Mix Material Yarn,finished_good
10/1 PC 52/48,Mix Material Yarn,finished_good
40/1 PP INJ. SLUB,Mix Material Yarn,finished_good
30/1 CPC-10,Mix Material Yarn,finished_good
40/1 PP SLUB,Mix Material Yarn,finished_good
30/1 PP SLUB,Mix Material Yarn,finished_good
20/1 PP SLUB,Mix Material Yarn,finished_good
20/1 MID GREY 95/5,Mix Material Yarn,finished_good
20/1 PP SILVER GREY LOT-2,Mix Material Yarn,finished_good
26/1 PV,Mix Material Yarn,finished_good
21/1 CLT,Mix Material Yarn,finished_good
24/1 PC-02,Mix Material Yarn,finished_good
30/1 CTC-44 MVS,Mix Material Yarn,finished_good
30/1 CFC-86 HOS,Mix Material Yarn,finished_good
24/1 CPC-01,Mix Material Yarn,finished_good
20/1 CPC-01,Mix Material Yarn,finished_good
16/1 PC 52/48,Mix Material Yarn,finished_good
40/2 ACRYLIC MIX. NEW,Mix Material Yarn,finished_good
40/2 ACRYLIC MIX. DYED BLACK,Mix Material Yarn,finished_good
20/1 VISCOSE BLACK,Viscose Yarn,finished_good
20/1 VISCOSE,Viscose Yarn,finished_good
20/1 VISCOSE SLUB,Viscose Yarn,finished_good
20/1 VISCOSE PEACH,Viscose Yarn,finished_good
20/1 VISCOSE PARROT GREEN,Viscose Yarn,finished_good
20/1 VISCOSE TEAL GREEN,Viscose Yarn,finished_good
20/1 VISCOSE TURQUISE,Viscose Yarn,finished_good
20/1 VISCOSE BLUE,Viscose Yarn,finished_good
20/1 VISCOSE PINK,Viscose Yarn,finished_good
20/1 VISCOSE FEROZI,Viscose Yarn,finished_good
24/1 VISCOSE BLACK,Viscose Yarn,finished_good
20/2 VISCOSE,Viscose Yarn,finished_good
65/1 PV,Polyester Yarn,finished_good
20/1 MID GREY 75/25,Polyester Yarn,finished_good
20/1 MID GREY 85/15 LOT-4,Polyester Yarn,finished_good
20/1 PP MID GREY,Polyester Yarn,finished_good
45/1 MID GREY 95/5,Polyester Yarn,finished_good
20/1 PP SILVER GREY,Polyester Yarn,finished_good
30/1 CPC-01 LOT-9,Polyester / Cotton Yarn,finished_good
20/1 CPC-01 LOT-9,Polyester / Cotton Yarn,finished_good
30/1 CPC-10 LOT-13,Polyester / Cotton Yarn,finished_good
30/1 CPC-10 LOT-14,Polyester / Cotton Yarn,finished_good
20/1 CPC-10 LOT-13,Polyester / Cotton Yarn,finished_good
20/1 CPC-10 LOT14,Polyester / Cotton Yarn,finished_good
26/1 CPC-10 LOT-13,Polyester / Cotton Yarn,finished_good
30/1 CPC-10 CVC 55:45 LOT-8,Polyester / Cotton Yarn,finished_good
20/1 CPC-10 CVC 55:45 LOT-7,Polyester / Cotton Yarn,finished_good
20/1 CPC-10 CVC 55:45 LOT-8,Polyester / Cotton Yarn,finished_good
20/1 CPC-01 CVC 55-45 LOT-3,Polyester / Cotton Yarn,finished_good
26/1 CVP-0 LOT-2,Polyester / Cotton Yarn,finished_good
24/1 CPC-01 LOT-2,Polyester / Cotton Yarn,finished_good
9/1 COMBED,Polyester / Cotton Yarn,finished_good
30/1 PV INJECTION BLACK,Polyester / Viscose Yarn,finished_good
30/1 PV 90/10 SLUB,Polyester / Viscose Yarn,finished_good
36/1 PV,Polyester / Viscose Yarn,finished_good
30/1 PV LONG INJECTION (WHITE),Polyester / Viscose Yarn,finished_good
30/1 PV INJ.,Polyester / Viscose Yarn,finished_good
30/1 PV INJ. LOT-2,Polyester / Viscose Yarn,finished_good
36/1 PV 90:10 LOT-3 (OLYMPIA MANOO),Polyester / Viscose Yarn,finished_good
20/1 PV 201,Polyester / Viscose Yarn,finished_good
20/1 PV 201 LOT-3,Polyester / Viscose Yarn,finished_good
20/1 PV 201 LOT-4,Polyester / Viscose Yarn,finished_good
30/1 PV SLUB,Polyester / Viscose Yarn,finished_good
20/1 PV SLUB,Polyester / Viscose Yarn,finished_good
17.5/1 US-1,Polyester / Viscose Yarn,finished_good
17.5/1 US-2,Polyester / Viscose Yarn,finished_good
17.5/1 US-3,Polyester / Viscose Yarn,finished_good
26/1 PV 70/30,Polyester / Viscose Yarn,finished_good
40/1 PV-202,Polyester / Viscose Yarn,finished_good
40/2 PV 202,Polyester / Viscose Yarn,finished_good
40/2 PV 201,Polyester / Viscose Yarn,finished_good
30/1 PV 201 MVS,Polyester / Viscose Yarn,finished_good
30/1 PLV-01 AUTOAIRO,Mix Material,finished_good
40/1 PLV-01 AUTOAIRO,Mix Material,finished_good
20/1 CPA-03 AUTOAIRO,Polyester / Cotton / Viscose Yarn / CMD,finished_good
20/1 CPA-4 AUTOAIRO,Polyester / Cotton / Viscose Yarn / CMD,finished_good
52/1 CFC-119 AUTOAIRO,Polyester / Cotton / Viscose Yarn / CMD,finished_good
40/1 PV-555 ( AUTOAIRO),Polyester / Cotton / Viscose Yarn / CMD,finished_good
40/1 VISCOSE AUTOAIRO,Polyester / Cotton / Viscose Yarn / CMD,finished_good
40/1 PC 80/20 (AUTOAIRO),Polyester / Cotton / Viscose Yarn / CMD,finished_good
20/1 PV-201 AUTOAIRO LOT-2,Polyester / Cotton / Viscose Yarn / CMD,finished_good
30/1 CFC-147 AUTOAIRO,Polyester / Cotton / Viscose Yarn / CMD,finished_good
24/1 CPC-10 AUTOAIRO,Polyester / Cotton / Viscose Yarn / CMD,finished_good
30/1 PV 65/35 AUTOAIRO LOT-2,Polyester / Cotton / Viscose Yarn / CMD,finished_good
20/1 CPC-04 AUTOAIRO,Polyester / Cotton / Viscose Yarn / CMD,finished_good
30/1 CPC-06 AUTOAIRO,Polyester / Cotton / Viscose Yarn / CMD,finished_good
30/1 CPC-01 AUTOAIRO,Polyester / Cotton / Viscose Yarn / CMD,finished_good
20/1 PV 65/35 AUTOAIRO LOT-2,Polyester / Cotton / Viscose Yarn / CMD,finished_good
20/1 PP AUTOAIRO,Polyester / Cotton / Viscose Yarn / CMD,finished_good
14/1 PP AUTOAIRO,Polyester / Cotton / Viscose Yarn / CMD,finished_good
20/1 PV 65/35 AUTOAIRO,Polyester / Cotton / Viscose Yarn / CMD,finished_good
36/1 PV 90:10) AUTOAIRO),Polyester / Cotton / Viscose Yarn / CMD,finished_good
SOCKS ( CTN ),"Socks, Cloth & Towel (Export Program)",finished_good
"FRESH CLOTH 40/40 106"" /102.78 YELLOW 20 THAN MTR","Socks, Cloth & Towel (Export Program)",finished_good
"76X68 / 30X30 =102"" FRESH BLUE 114 (THAN-21 ) MTR","Socks, Cloth & Towel (Export Program)",finished_good
SOCKS CTN,"Socks, Cloth & Towel (Export Program)",finished_good
"76X68 / 30X30 =102"" CP BLUE 114 (THAN-01 ) MTR","Socks, Cloth & Towel (Export Program)",finished_good
TOWEL (CARTONS) ARRIVAL DATE. 4-3-25,"Socks, Cloth & Towel (Export Program)",finished_good
"76X68 / 30X30 =102"" FRESH YELLOW 114 (THAN-27 ) MTR","Socks, Cloth & Towel (Export Program)",finished_good
BLACK CLOTH BOUNDLE,"Socks, Cloth & Towel (Export Program)",finished_good
"76X68 / 30X30 =102"" FRESH CP YELLOW 114 (THAN-2 ) MTR","Socks, Cloth & Towel (Export Program)",finished_good
RED & BLACK BOUNDLE,"Socks, Cloth & Towel (Export Program)",finished_good
"FRESH CLOTH 40/40 106"" /102.78 BLUE 20 THAN MTR","Socks, Cloth & Towel (Export Program)",finished_good
USEABLE MIXING.,Mixed Materials,raw_material
USEABLE MIXED PROCESS MATERIAL,Mixed Materials,raw_material
MIX. COLOURS POLYESTER MATERIAL ( KHURRAM MAJEED ),Mixed Materials,raw_material
NEPS MATERIAL ( CH TALIB sb ),Mixed Materials,raw_material
PUNJAB COTTON,Cotton,raw_material
DYED COTTON FROM CSPL-2 ( NAFEESA TEXTILE),Cotton,raw_material
COTTONSIZED FLEX 1.5 D 40 MM,Cotton,raw_material
RESCUTCHED TOW FLEX 4 D,Cotton,raw_material
BRAZILIAN RAW COTTON,Cotton,raw_material
LIENEN FLEX MATERIAL,Cotton,raw_material
"DYED ACRYLIC 2.2 , 3.0 DTEX 50/60 MM",Acrylic Fiber,raw_material
"ACRYLIC -TOW COLOURED CRIMED/UNCRIMPED, G-B",Acrylic Fiber,raw_material
Acrylic Tangled Tow Mixed Coloured 2.2/5.6 Dtex,Acrylic Fiber,raw_material
Acrylic Tangled Tow Raw White 2.2/5.6 Dtex,Acrylic Fiber,raw_material
Acrylic Laps Mixed Colour 2.2/5.6 Dtex,Acrylic Fiber,raw_material
Technical Acrylic Staple Fiber 2.2/6.7 Dtex x 50/60 MM Whitish,Acrylic Fiber,raw_material
ACRYLIC STAPLE FIBER MIXED COLOURED 2.2/3.0 DTEX 50/60 MM,Acrylic Fiber,raw_material
Thai Acrylic 1.2 D Entangled Tow,Acrylic Fiber,raw_material
Acrylic Staple Fiber 3.0 Dtex x 60 MM Mix Coloured,Acrylic Fiber,raw_material
Acrylic Staple Fiber Mix Coloured 1.3/2.2 Dtex x 40 MM,Acrylic Fiber,raw_material
"Acrylic TOW S.D White 5.6 dtex 120/130 MM , IRAN",Acrylic Fiber,raw_material
ACRYLIC FIBER 1.7 DTEX 38 MM ( N.S CONE DYING),Acrylic Fiber,raw_material
Acrylic Staple Fiber Raw White Bright/Semi Dull 1.3/2.2 Dtex x 40,Acrylic Fiber,raw_material
ACRYLIC FIBER 2.2 D 50 MM MIX COLOURS B-GRADE,Acrylic Fiber,raw_material
ACRYLIC FIBER 1.5 DTEX 38 MM ( N.S CONE DYING),Acrylic Fiber,raw_material
ACRYLIC FIBER 1.7 DTEX 20 MM ( N.S CONE DYING),Acrylic Fiber,raw_material
ACRYLIC FIBER 2.2 DTEX 38 MM ( N.S CONE DYING),Acrylic Fiber,raw_material
ACRYLIC FIBER 2.2 DTEX 51 MM ( N.S CONE DYING),Acrylic Fiber,raw_material
Acrylic Staple FIber 2D/45MM Colors Antque Beige and Toast,Acrylic Fiber,raw_material
Lycra Fiber Elastane Fiber 70 D,Lycra & Creora Fiber,raw_material
Lycra Fiber Elastane Fiber 40 D,Lycra & Creora Fiber,raw_material
CREORA FIBER 70 DINEER,Lycra & Creora Fiber,raw_material
CREORA FIBER 40 DINEER,Lycra & Creora Fiber,raw_material
MIX. COLOUR VISCOSE STAPLE FIBER,Viscose Fiber,raw_material
MIX. COLOURS VISCOSE TOW 1.2D,Viscose Fiber,raw_material
VISCOSE FIBER 1.3/3/3.3DTEX X 6 /90MM,Viscose Fiber,raw_material
V.S.F BROWN 17 DTEX 150MM,Viscose Fiber,raw_material
VISCOSE BROWN 3.3D 70-90-110MM,Viscose Fiber,raw_material
Viscose Staple Fiber Mixed Transitional Colors Trilobal Type 14 Dtex x 51 MM,Viscose Fiber,raw_material
DYE VIS. FIBER 4.4/17 Dtex 80/100 MM (N.S CONE DYING),Viscose Fiber,raw_material
VISCOSE TOPS 3.3 DTEX BLUE,Viscose Fiber,raw_material
VISCOSE TOW UNCRIMPED 3.3DTEX x 135KTEX BLUE,Viscose Fiber,raw_material
VISCOSE TOW UNCRIMPED 3.3DTEX x 135KTEX GREY,Viscose Fiber,raw_material
VISCOSE SPUN DYED BLACK 1.5/4.2 DTEX X 38/60 MM,Viscose Fiber,raw_material
TAIWAN PSF OPTICAL BRIGHT 1.2D 32MM,Viscose Fiber,raw_material
SAMPLE WHITE POLYESTER NANLAN BARAND,Viscose Fiber,raw_material
VISCOSE TOW WET 50% MOISTURE,Viscose Fiber,raw_material
THAI RAYON VISCOSE FIBER 2.0 D 51 MM BL BRIGHT,Viscose Fiber,raw_material
"DYED MIX. COLOUR VIS. 1.3 , 1.7 DTEX 38/51 MM BLACK DYED ( N.S . DYING)",Viscose Fiber,raw_material
Tops Viscose Raw White Cationic 3.3 Dtex,Viscose Fiber,raw_material
Tops Viscose Beige 2.2 Dtex,Viscose Fiber,raw_material
Tops Lyocell A100 Raw White Bright 1.25 Dtex,Viscose Fiber,raw_material
VISCOSE SHORT CUT 3.3 DTEX 5 MM BRIGHT WHITE,Viscose Fiber,raw_material
CHINA LOYCELL STAPLE FIBER 1.33 D38 MM,Viscose Fiber,raw_material
Viscose Raw White Bright/Semi Dull Moistured 3.3/4.4 Dtex x 38/51 MM,Viscose Fiber,raw_material
Viscose Raw White Bright Moistured 3.3 Dtex x 40 MM,Viscose Fiber,raw_material
Lyocell Fiber 1.7 Dtex 20MM,Viscose Fiber,raw_material
LENZING TENCIL 1.33 Dtex x 38 MM,Viscose Fiber,raw_material
VISCOSE FIBER 3 DENIAR 40 MM,Viscose Fiber,raw_material
"LYOCELL STAPLE FIBER RAW WHITE BRIGHT/SD 1.3,6.7 DTEX 38-60MM",Viscose Fiber,raw_material
LYOCELL FIBER RAW WHITE BRIGHT MOISTURED 1.3 DTEX 10 MM,Viscose Fiber,raw_material
Viscose Spun Dyed Black 1.7 Dtex x 39/51 MM,Viscose Fiber,raw_material
VISCOSE STAPLE FIBER 1.7 DTEX 38/51 MM BLACK SPOTTED,Viscose Fiber,raw_material
IFL PSF TRILOBAL 2.0 D 38 MM,Polyester Fiber,raw_material
IFL POLY VUNA FIBER 2.5 D 38 MM,Polyester Fiber,raw_material
SUN FIBER POLYESTER TRILOBAL BRIGHT 2.0 D 51 MM,Polyester Fiber,raw_material
POLYESTER DYED ORANGE 1.2D 38MM,Polyester Fiber,raw_material
POLYESTER FIBER 1.2 D 44 MM RUST-3,Polyester Fiber,raw_material
POLYESTER FIBER DYRD 1.2 D 38 MM ( WAQAS TRADE ),Polyester Fiber,raw_material
S.D PSF 1.5 D x 38 MM H.Elon (IFL),Polyester Fiber,raw_material
IFL POLYESTER SD MIKRO 0.8 D 38 MM ( HIGH TENACITY ),Polyester Fiber,raw_material
GULF POLYESTER BLACK 4.5 D 38 MM,Polyester Fiber,raw_material
Shade 108 A Brown PSF 1.2 D x 44 MM - Sun Fiber,Polyester Fiber,raw_material
POLYESTER FIBER 1.2 D 44 MM SHADE-9241,Polyester Fiber,raw_material
POLYESTER FIBER 1.2 D 44 MM SHADE-9284,Polyester Fiber,raw_material
BANG BANG POLYESTER FIBER 1.2 D 38 MM NAVY VIRGIN,Polyester Fiber,raw_material
S.D PSF - RGI,Polyester Fiber,raw_material
LASANI FIBER SD SP 1.2 D 51 MM,Polyester Fiber,raw_material
SUN FIBER POLYESTER SD 1.2 D 38 MM,Polyester Fiber,raw_material
LASANI POLYESTER FIBER OPTICAL BRIGHT 1.2 D 38 MM,Polyester Fiber,raw_material
DULL SP PSF 1.2D 38MM - LASANI FIBERS,Polyester Fiber,raw_material
DULL A+ PSF 1.2D 38MM - LASANI FIBERS,Polyester Fiber,raw_material
TERYLENE POLYESTER FIBER SD 1.2 D 38 MM G-1,Polyester Fiber,raw_material
LASANI POLYESTER FIBER GREEN AAA 1.2D 51 MM,Polyester Fiber,raw_material
LASANI POLYESTER SD 1.2 D 32 MM ( CSPL-2),Polyester Fiber,raw_material
TERYLENE POLYESTER FIBER SD 1.2 D 38 MM G-3,Polyester Fiber,raw_material
POLYESTER DYED PINK ( NAFEESA TEXTILE),Polyester Fiber,raw_material
POLYESTER DYED TURQISH ( COTTON ERA),Polyester Fiber,raw_material
DYED POLYESTER FIBER CHOCKLETE 1.2 D 32 MM,Polyester Fiber,raw_material
DYED POLYESTER FIBER ORANGE 1.2 D 32 MM,Polyester Fiber,raw_material
Black PSF 1.2 D x 44 MM SP - Lasani Fibers,Polyester Fiber,raw_material
TERYLENE POLYESTER FIBER BLACK 1.2D 51 MM G2,Polyester Fiber,raw_material
TERYLENE POLYESTER FIBER BLACK 1.2 D 38 MM G-2,Polyester Fiber,raw_material
TERYLENE POLYESTER FIBER BLACK 1.2 D 38 MM G-1,Polyester Fiber,raw_material
THAI POLYESTER FIBER DOPE DYED BLACK 1.4 DENIER 38 MM,Polyester Fiber,raw_material
GREEN POLYESTER FIBER 1.2 D 51 MM ( ARSLAN CHAWAL FSD),Polyester Fiber,raw_material
GREEN POLYESTER FIBER 1.2 D 51 MM ( SHAHBAZ IND),Polyester Fiber,raw_material
PINNACLE GREEN PSF 1.2 D 44 MM,Polyester Fiber,raw_material
PINNACLE POLYESTER FIBER SD 32 MM,Polyester Fiber,raw_material
PINNACLE POLYESTER FIBER SD 38 MM,Polyester Fiber,raw_material
PINNACLE OB PSF 1.2 D 38 MM,Polyester Fiber,raw_material
TERYLENE POLYESTER FIBER SD 1.2 D 38 MM G-2,Polyester Fiber,raw_material
LASANI PSF SUPER WHITE 1.2D 38MM,Polyester Fiber,raw_material
LINEN SHUDY (65:35),Polyester Fiber,raw_material
THAI RAYON VISCOSE TOW WASTE FIBER (RE-PRESS),Polyester Fiber,raw_material
VISCOSE HARD WASTE SHUDY,Polyester Fiber,raw_material
PP HARD WASTE SHUDY,Polyester Fiber,raw_material
GREY FLEES SHUDY,Polyester Fiber,raw_material
VISCOSE HARD WASTE ( RAMZAN WASTE),Polyester Fiber,raw_material
COTTONSIZED FIBER SHUDY 1.5 D 38 MM,Polyester Fiber,raw_material
KINARI COTTON SHUDY,Polyester Fiber,raw_material
RECYCLE FIBER PC 70:30 WHITE ( SAREENA TEXTILE IND.),Polyester Fiber,raw_material
VISCOSE SHORT HARD WASTE ( SAAD TRADER FSD ),Polyester Fiber,raw_material
20/1 PP MID GREY 95/5 YARN THRED CUTTING NEPS,Polyester Fiber,raw_material
"MIX. COLOUR NEPS ( WHITE NEP= 210 KG , BLUE NEP = 140 KG , TENCEL NEP= 50 , MAROON NEP= 50 , BLUE CUTTING= 115 KG)",Polyester Fiber,raw_material
VISCOSE HARD WASTE ( FROM CSPL-2) kinari,Polyester Fiber,raw_material
